term,score
素人,1.965913
Alter,1.965913
ego,1.965913
Rosehip,1.965913
tea,1.965913
へ,1.763097
2,1.581331
MV,1.463189
Tamamono,1.310609
Orchestra,1.310609
Version,1.310609
Hearts,1.310609
パラノイドランデブー,1.310609
Short,1.310609
ver,1.310609
of,1.207943
The,1.117062
My,1.110715
Official,1.075000
の,1.054189
